Id,MSSubClass,MSZoning,LotFrontage,LotArea,Street,Alley,LotShape,LandContour,Utilities,LotConfig,LandSlope,Neighborhood,Condition1,Condition2,BldgType,HouseStyle,OverallQual,OverallCond,YearBuilt,YearRemodAdd,RoofStyle,RoofMatl,Exterior1st,Exterior2nd,MasVnrType,MasVnrArea,ExterQual,ExterCond,Foundation,BsmtQual,BsmtCond,BsmtExposure,BsmtFinType1,BsmtFinSF1,BsmtFinType2,BsmtFinSF2,BsmtUnfSF,TotalBsmtSF,Heating,HeatingQC,CentralAir,Electrical,1stFlrSF,2ndFlrSF,LowQualFinSF,GrLivArea,BsmtFullBath,BsmtHalfBath,FullBath,HalfBath,BedroomAbvGr,KitchenAbvGr,KitchenQual,TotRmsAbvGrd,Functional,Fireplaces,FireplaceQu,GarageType,GarageYrBlt,GarageFinish,GarageCars,GarageArea,GarageQual,GarageCond,PavedDrive,WoodDeckSF,OpenPorchSF,EnclosedPorch,3SsnPorch,ScreenPorch,PoolArea,PoolQC,Fence,MiscFeature,MiscVal,MoSold,YrSold,SaleType,SaleCondition,SalePrice,class,Outlier_Count,Outlier_Columns
179,20,RL,63.0,17423,Pave,None,IR1,Lvl,AllPub,CulDSac,Gtl,StoneBr,Norm,Norm,1Fam,1Story,9,5,2008,2009,Hip,CompShg,VinylSd,VinylSd,Stone,748.0,Ex,TA,PConc,Ex,TA,No,GLQ,1904,Unf,0,312,2216,GasA,Ex,Y,SBrkr,2234,0,0,2234,1,0,2,0,1,1,Ex,9,Typ,1,Gd,Attchd,2009.0,Fin,3,1166,TA,TA,Y,0,60,0,0,0,0,None,None,None,0,7,2009,New,Partial,501837,C1,6,"MasVnrArea, BsmtFinSF1, TotalBsmtSF, 1stFlrSF, GarageArea, SalePrice"
186,75,RM,90.0,22950,Pave,None,IR2,Lvl,AllPub,Inside,Gtl,OldTown,Artery,Norm,1Fam,2.5Fin,10,9,1892,1993,Gable,WdShngl,Wd Sdng,Wd Sdng,None,0.0,Gd,Gd,BrkTil,TA,TA,Mn,Unf,0,Unf,0,1107,1107,GasA,Ex,Y,SBrkr,1518,1518,572,3608,0,0,2,1,4,1,Ex,12,Typ,2,TA,Detchd,1993.0,Unf,3,840,Ex,TA,Y,0,260,0,0,410,0,None,GdPrv,None,0,6,2006,WD,Normal,475000,C8,8,"LotArea, OverallCond, LowQualFinSF, GrLivArea, TotRmsAbvGrd, OpenPorchSF, ScreenPorch, SalePrice"
198,75,RL,174.0,25419,Pave,None,Reg,Lvl,AllPub,Corner,Gtl,NAmes,Artery,Norm,1Fam,2Story,8,4,1918,1990,Gable,CompShg,Stucco,Stucco,None,0.0,Gd,Gd,PConc,TA,TA,No,GLQ,1036,LwQ,184,140,1360,GasA,Gd,Y,SBrkr,1360,1360,392,3112,1,1,2,0,4,1,Gd,8,Typ,1,Ex,Detchd,1918.0,Unf,2,795,TA,TA,Y,0,16,552,0,0,512,Ex,GdPrv,None,0,3,2006,WD,Abnorml,235000,C8,8,"LotFrontage, LotArea, BsmtFinSF2, LowQualFinSF, GrLivArea, BsmtHalfBath, EnclosedPorch, PoolArea"
225,20,RL,103.0,13472,Pave,None,Reg,Lvl,AllPub,Inside,Gtl,NridgHt,Norm,Norm,1Fam,1Story,10,5,2003,2003,Hip,CompShg,VinylSd,VinylSd,BrkFace,922.0,Ex,TA,PConc,Ex,TA,Gd,GLQ,56,Unf,0,2336,2392,GasA,Ex,Y,SBrkr,2392,0,0,2392,0,0,2,0,3,1,Ex,8,Typ,1,Ex,Attchd,2003.0,Fin,3,968,TA,TA,Y,248,105,0,0,0,0,None,None,None,0,6,2009,WD,Normal,386250,C1,6,"MasVnrArea, BsmtUnfSF, TotalBsmtSF, 1stFlrSF, GarageArea, SalePrice"
497,20,RL,75.0,12692,Pave,None,IR1,Lvl,AllPub,Inside,Gtl,NoRidge,Norm,Norm,1Fam,1Story,8,5,1992,1993,Hip,CompShg,BrkFace,BrkFace,None,0.0,Gd,TA,PConc,Gd,TA,No,GLQ,1231,Unf,0,1969,3200,GasA,Ex,Y,SBrkr,3228,0,0,3228,1,0,3,0,4,1,Gd,10,Typ,1,Gd,Attchd,1992.0,RFn,2,546,TA,TA,Y,264,75,291,0,0,0,None,None,None,0,5,2007,WD,Normal,430000,C1,6,"BsmtUnfSF, TotalBsmtSF, 1stFlrSF, GrLivArea, EnclosedPorch, SalePrice"
524,60,RL,130.0,40094,Pave,None,IR1,Bnk,AllPub,Inside,Gtl,Edwards,PosN,PosN,1Fam,2Story,10,5,2007,2008,Hip,CompShg,CemntBd,CmentBd,Stone,762.0,Ex,TA,PConc,Ex,TA,Gd,GLQ,2260,Unf,0,878,3138,GasA,Ex,Y,SBrkr,3138,1538,0,4676,1,0,3,1,3,1,Ex,11,Typ,1,Gd,BuiltIn,2007.0,Fin,3,884,TA,TA,Y,208,406,0,0,0,0,None,None,None,0,10,2007,New,Partial,184750,C6,9,"LotFrontage, LotArea, MasVnrArea, BsmtFinSF1, TotalBsmtSF, 1stFlrSF, GrLivArea, TotRmsAbvGrd, OpenPorchSF"
636,190,RH,60.0,10896,Pave,Pave,Reg,Bnk,AllPub,Inside,Gtl,SWISU,Feedr,Norm,2fmCon,2.5Fin,6,7,1914,1995,Hip,CompShg,VinylSd,VinylSd,None,0.0,Fa,TA,CBlock,TA,Fa,No,LwQ,256,Unf,0,1184,1440,GasA,Ex,Y,FuseA,1440,1440,515,3395,0,0,2,0,8,2,Fa,14,Typ,0,None,Detchd,1939.0,Unf,0,0,TA,TA,N,0,110,0,0,0,0,None,None,None,0,3,2007,WD,Abnorml,200000,C15,6,"MSSubClass, LowQualFinSF, GrLivArea, BedroomAbvGr, KitchenAbvGr, TotRmsAbvGrd"
692,60,RL,104.0,21535,Pave,None,IR1,Lvl,AllPub,Corner,Gtl,NoRidge,Norm,Norm,1Fam,2Story,10,6,1994,1995,Gable,WdShngl,HdBoard,HdBoard,BrkFace,1170.0,Ex,TA,PConc,Ex,TA,Gd,GLQ,1455,Unf,0,989,2444,GasA,Ex,Y,SBrkr,2444,1872,0,4316,0,1,3,1,4,1,Ex,10,Typ,2,Ex,Attchd,1994.0,Fin,3,832,TA,TA,Y,382,50,0,0,0,0,None,None,None,0,1,2007,WD,Normal,755000,C6,8,"LotArea, MasVnrArea, TotalBsmtSF, 1stFlrSF, 2ndFlrSF, GrLivArea, BsmtHalfBath, SalePrice"
770,60,RL,47.0,53504,Pave,None,IR2,HLS,AllPub,CulDSac,Mod,StoneBr,Norm,Norm,1Fam,2Story,8,5,2003,2003,Hip,CompShg,CemntBd,Wd Shng,BrkFace,603.0,Ex,TA,PConc,Gd,TA,Gd,ALQ,1416,Unf,0,234,1650,GasA,Ex,Y,SBrkr,1690,1589,0,3279,1,0,3,1,4,1,Ex,12,Mod,1,Gd,BuiltIn,2003.0,Fin,3,841,TA,TA,Y,503,36,0,0,210,0,None,None,None,0,6,2010,WD,Normal,538000,C6,7,"LotArea, MasVnrArea, GrLivArea, TotRmsAbvGrd, WoodDeckSF, ScreenPorch, SalePrice"
804,60,RL,107.0,13891,Pave,None,Reg,Lvl,AllPub,Inside,Gtl,NridgHt,Norm,Norm,1Fam,2Story,9,5,2008,2009,Hip,CompShg,VinylSd,VinylSd,Stone,424.0,Ex,TA,PConc,Ex,TA,Gd,Unf,0,Unf,0,1734,1734,GasA,Ex,Y,SBrkr,1734,1088,0,2822,0,0,3,1,4,1,Ex,12,Typ,1,Gd,BuiltIn,2009.0,RFn,3,1020,TA,TA,Y,52,170,0,0,192,0,None,None,None,0,1,2009,New,Partial,582933,C6,7,"MasVnrArea, BsmtUnfSF, GrLivArea, TotRmsAbvGrd, GarageArea, ScreenPorch, SalePrice"
899,20,RL,100.0,12919,Pave,None,IR1,Lvl,AllPub,Inside,Gtl,NridgHt,Norm,Norm,1Fam,1Story,9,5,2009,2010,Hip,CompShg,VinylSd,VinylSd,Stone,760.0,Ex,TA,PConc,Ex,TA,Gd,GLQ,2188,Unf,0,142,2330,GasA,Ex,Y,SBrkr,2364,0,0,2364,1,0,2,1,2,1,Ex,11,Typ,2,Gd,Attchd,2009.0,Fin,3,820,TA,TA,Y,0,67,0,0,0,0,None,None,None,0,3,2010,New,Partial,611657,C1,6,"MasVnrArea, BsmtFinSF1, TotalBsmtSF, 1stFlrSF, TotRmsAbvGrd, SalePrice"
1174,50,RL,138.0,18030,Pave,None,IR1,Bnk,AllPub,Inside,Gtl,ClearCr,Norm,Norm,1Fam,1.5Fin,5,6,1946,1994,Gable,CompShg,MetalSd,MetalSd,None,0.0,TA,TA,CBlock,TA,TA,No,Rec,152,BLQ,469,977,1598,GasA,TA,Y,SBrkr,1636,971,479,3086,0,0,3,0,3,1,Ex,12,Maj1,1,Gd,Detchd,1950.0,Unf,0,0,TA,TA,Y,122,0,0,0,0,0,None,MnPrv,None,0,3,2007,WD,Normal,200500,C5,6,"LotFrontage, LotArea, BsmtFinSF2, LowQualFinSF, GrLivArea, TotRmsAbvGrd"
1183,60,RL,160.0,15623,Pave,None,IR1,Lvl,AllPub,Corner,Gtl,NoRidge,Norm,Norm,1Fam,2Story,10,5,1996,1996,Hip,CompShg,Wd Sdng,ImStucc,None,0.0,Gd,TA,PConc,Ex,TA,Av,GLQ,2096,Unf,0,300,2396,GasA,Ex,Y,SBrkr,2411,2065,0,4476,1,0,3,1,4,1,Ex,10,Typ,2,TA,Attchd,1996.0,Fin,3,813,TA,TA,Y,171,78,0,0,0,555,Ex,MnPrv,None,0,7,2007,WD,Abnorml,745000,C6,8,"LotFrontage, BsmtFinSF1, TotalBsmtSF, 1stFlrSF, 2ndFlrSF, GrLivArea, PoolArea, SalePrice"
1231,90,RL,70.0,18890,Pave,None,IR1,Lvl,AllPub,Inside,Gtl,Sawyer,Feedr,RRAe,Duplex,1.5Fin,5,5,1977,1977,Shed,CompShg,Plywood,Plywood,None,1.0,TA,TA,CBlock,Gd,TA,No,GLQ,498,Rec,211,652,1361,GasA,Ex,Y,SBrkr,1361,1259,0,2620,0,0,2,2,4,2,TA,12,Typ,1,TA,BuiltIn,1977.0,RFn,2,600,TA,TA,N,155,24,145,0,0,0,None,None,Gar2,8300,8,2007,WD,Normal,190000,C11,6,"LotArea, BsmtFinSF2, KitchenAbvGr, TotRmsAbvGrd, EnclosedPorch, MiscVal"
1269,50,RL,60.0,14100,Pave,None,IR1,Lvl,AllPub,Inside,Mod,Crawfor,Norm,Norm,1Fam,1.5Fin,8,9,1935,1997,Gable,CompShg,Stucco,Stucco,BrkFace,632.0,TA,Gd,CBlock,TA,TA,Mn,Rec,192,Unf,0,536,728,GasA,Ex,Y,SBrkr,1968,1479,0,3447,0,0,3,1,4,1,Gd,11,Typ,2,Gd,BuiltIn,1982.0,Unf,3,1014,TA,TA,Y,314,12,0,0,0,0,None,GdWo,None,0,5,2008,WD,Normal,381000,C5,6,"OverallCond, MasVnrArea, GrLivArea, TotRmsAbvGrd, GarageArea, SalePrice"
1299,60,RL,313.0,63887,Pave,None,IR3,Bnk,AllPub,Corner,Gtl,Edwards,Feedr,Norm,1Fam,2Story,10,5,2008,2008,Hip,ClyTile,Stucco,Stucco,Stone,796.0,Ex,TA,PConc,Ex,TA,Gd,GLQ,5644,Unf,0,466,6110,GasA,Ex,Y,SBrkr,4692,950,0,5642,2,0,2,1,3,1,Ex,12,Typ,3,Gd,Attchd,2008.0,Fin,2,1418,TA,TA,Y,214,292,0,0,0,480,Gd,None,None,0,1,2008,New,Partial,160000,C6,12,"LotFrontage, LotArea, MasVnrArea, BsmtFinSF1, TotalBsmtSF, 1stFlrSF, GrLivArea, TotRmsAbvGrd, Fireplaces, GarageArea, OpenPorchSF, PoolArea"
1351,90,RL,91.0,11643,Pave,None,Reg,Lvl,AllPub,Inside,Gtl,NAmes,Artery,Norm,Duplex,2Story,5,5,1969,1969,Gable,CompShg,MetalSd,MetalSd,BrkFace,368.0,TA,TA,CBlock,TA,TA,No,LwQ,500,Unf,0,748,1248,GasA,TA,Y,SBrkr,1338,1296,0,2634,1,1,2,2,6,2,TA,12,Typ,0,None,Detchd,1969.0,Unf,4,968,TA,TA,Y,0,0,0,0,0,0,None,None,None,0,8,2009,WD,Normal,200000,C11,6,"BsmtHalfBath, BedroomAbvGr, KitchenAbvGr, TotRmsAbvGrd, GarageCars, GarageArea"
1387,60,RL,80.0,16692,Pave,None,IR1,Lvl,AllPub,Inside,Gtl,NWAmes,RRAn,Norm,1Fam,2Story,7,5,1978,1978,Gable,CompShg,Plywood,Plywood,BrkFace,184.0,TA,TA,CBlock,Gd,TA,No,BLQ,790,LwQ,469,133,1392,GasA,TA,Y,SBrkr,1392,1392,0,2784,1,0,3,1,5,1,Gd,12,Typ,2,TA,Attchd,1978.0,RFn,2,564,TA,TA,Y,0,112,0,0,440,519,Fa,MnPrv,TenC,2000,7,2006,WD,Normal,250000,C6,7,"BsmtFinSF2, GrLivArea, BedroomAbvGr, TotRmsAbvGrd, ScreenPorch, PoolArea, MiscVal"
